,Flavor Name,Positive,Negative,Total,Difference,Percent_Positive,Percent_Negative
316,sugar cookie cap,2,0,2,2,1.0,0.0
411,lacaramel,3,0,3,3,1.0,0.0
128,la cream cheese icing,4,0,4,4,1.0,0.0
7,tfa peanut butter,2,0,2,2,1.0,0.0
88,raspberry r,2,0,2,2,1.0,0.0
373,cap cinnamon danish swirl,2,0,2,2,1.0,0.0
443,s raspberry,3,0,3,3,1.0,0.0
65,tfa blueberry extra,4,0,4,4,1.0,0.0
151,cinnamon sugar cookie,9,0,9,9,1.0,0.0
345,tfa vanilla bean ice cream,6,0,6,6,1.0,0.0
159,coconut extract,2,0,2,2,1.0,0.0
202,raspberry sweet,8,0,8,8,1.0,0.0
153,cheesecake graham crust,4,0,4,4,1.0,0.0
300,blueberry extra,4,0,4,4,1.0,0.0
384,vanilla custard cream,4,0,4,4,1.0,0.0
70,raspberry g,7,0,7,7,1.0,0.0
344,yummy gummy,7,0,7,7,1.0,0.0
288,dairy milk,4,0,4,4,1.0,0.0
97,strawberry del,2,0,2,2,1.0,0.0
297,peach juicy,2,0,2,2,1.0,0.0
39,graham crust,3,0,3,3,1.0,0.0
67,maraschino cherry,2,0,2,2,1.0,0.0
360,cap butter cream,2,0,2,2,1.0,0.0
160,strawberry conc,2,0,2,2,1.0,0.0
90,sweet cream cap,2,0,2,2,1.0,0.0
3,fe lemon,2,0,2,2,1.0,0.0
139,strawberry capella,2,0,2,2,1.0,0.0
205,cream fresh,2,0,2,2,1.0,0.0
217,new york cheesecake cap,2,0,2,2,1.0,0.0
266,strawberry cap,2,0,2,2,1.0,0.0
227,inw raspberry,2,0,2,2,1.0,0.0
93,cap vanilla bean ice,2,0,2,2,1.0,0.0
259,caramel cappuccino,2,0,2,2,1.0,0.0
255,rhubarb custard,2,0,2,2,1.0,0.0
172,blueberry candy,2,0,2,2,1.0,0.0
152,cap harvest berry,2,0,2,2,1.0,0.0
438,coconut vi,2,0,2,2,1.0,0.0
186,sweet strawberry cap,2,0,2,2,1.0,0.0
394,fw hazelnut,2,0,2,2,1.0,0.0
230,fa marshmallow,2,0,2,2,1.0,0.0
218,blueberry ext,4,0,4,4,1.0,0.0
270,tutti frutti,4,0,4,4,1.0,0.0
195,caramel tobacco,6,0,6,6,1.0,0.0
279,e brown sugar,14,0,14,14,1.0,0.0
366,cap cinnamon danish,2,0,2,2,1.0,0.0
113,menthol crystal,4,0,4,4,1.0,0.0
374,b custard,3,0,3,3,1.0,0.0
315,blue lemonade,3,0,3,3,1.0,0.0
399,chocolate hazelnut,3,0,3,3,1.0,0.0
317,caramel original,20,0,20,20,1.0,0.0
225,coconut ex,3,0,3,3,1.0,0.0
210,toasted marshmallow,15,0,15,15,1.0,0.0
249,tfa vanilla custard,2,0,2,2,1.0,0.0
132,coconut ext,3,0,3,3,1.0,0.0
375,cap vanilla bean ice cream,3,0,3,3,1.0,0.0
179,vanilla butternut,14,0,14,14,1.0,0.0
439,coconut extra,14,0,14,14,1.0,0.0
133,vienna cream,3,0,3,3,1.0,0.0
258,strawberry concentrate,2,0,2,2,1.0,0.0
289,menthol eucalyptus,2,0,2,2,1.0,0.0
167,chocolate cream,27,0,27,27,1.0,0.0
274,fruit circle,12,0,12,12,1.0,0.0
111,tfa sweet cream,3,0,3,3,1.0,0.0
432,strawberry sweet,4,0,4,4,1.0,0.0
14,black honey tobacco,4,0,4,4,1.0,0.0
324,c rum,2,0,2,2,1.0,0.0
420,tres lech,6,0,6,6,1.0,0.0
222,smoke pipe,4,0,4,4,1.0,0.0
124,tfa vanilla swirl,5,0,5,5,1.0,0.0
296,frosted donut,4,0,4,4,1.0,0.0
4,caramel cream,4,0,4,4,1.0,0.0
148,blue raspberry cotton candy,5,0,5,5,1.0,0.0
18,butter caramel,4,0,4,4,1.0,0.0
450,lemon sicily,8,0,8,8,1.0,0.0
114,cake yellow,3,0,3,3,1.0,0.0
302,apple green,2,0,2,2,1.0,0.0
207,strawberry cheescake,2,0,2,2,1.0,0.0
250,cinnamon danish,55,0,55,55,1.0,0.0
412,sassafras,4,0,4,4,1.0,0.0
361,cap sweet cream,4,0,4,4,1.0,0.0
330,ripe banana,12,0,12,12,1.0,0.0
433,strawberry tf,2,0,2,2,1.0,0.0
184,toasted coconut,2,0,2,2,1.0,0.0
150,root beer,730,20,750,710,0.9733333333333334,0.02666666666666667
455,hawk sauce,80,3,83,77,0.963855421686747,0.03614457831325301
306,strawberry cheesecake,158,8,166,150,0.9518072289156626,0.04819277108433735
20,vanilla swirl,38,2,40,36,0.95,0.05
402,chai tea,14,1,15,13,0.9333333333333333,0.06666666666666667
174,dragon fruit,82,6,88,76,0.9318181818181818,0.06818181818181818
62,strawberry d,151,12,163,139,0.9263803680981595,0.0736196319018405
183,ice cream,222,18,240,204,0.925,0.075
387,marshmallow,568,48,616,520,0.922077922077922,0.07792207792207792
34,custard cream,11,1,12,10,0.9166666666666666,0.08333333333333333
197,vanilla bean ice crea,21,2,23,19,0.9130434782608695,0.08695652173913043
33,vanilla bean ice cream,273,26,299,247,0.9130434782608695,0.08695652173913043
9,strawberry cloud,30,3,33,27,0.9090909090909091,0.09090909090909091
131,cinnamon roll,285,30,315,255,0.9047619047619048,0.09523809523809523
99,ry double,36,4,40,32,0.9,0.1
461,bavarian cream,408,48,456,360,0.8947368421052632,0.10526315789473684
440,brown sugar,100,12,112,88,0.8928571428571429,0.10714285714285714
248,black licorice,8,1,9,7,0.8888888888888888,0.1111111111111111
15,aromatic,8,1,9,7,0.8888888888888888,0.1111111111111111
104,rice pudding,24,3,27,21,0.8888888888888888,0.1111111111111111
400,strawberry c,350,44,394,306,0.8883248730964467,0.1116751269035533
17,yellow cake,62,8,70,54,0.8857142857142857,0.11428571428571428
130,whipped cream,90,12,102,78,0.8823529411764706,0.11764705882352941
180,sugar coo,29,4,33,25,0.8787878787878788,0.12121212121212122
163,cinnamon,2095,290,2385,1805,0.8784067085953878,0.12159329140461216
144,peanut butter cookie,14,2,16,12,0.875,0.125
71,cheesecake,925,135,1060,790,0.8726415094339622,0.12735849056603774
263,berry crunch,117,18,135,99,0.8666666666666667,0.13333333333333333
100,menthol liquid,12,2,14,10,0.8571428571428571,0.14285714285714285
437,irish cream,54,9,63,45,0.8571428571428571,0.14285714285714285
334,dulce de leche,12,2,14,10,0.8571428571428571,0.14285714285714285
178,strawberry r,34,6,40,28,0.85,0.15
212,earl grey tea,32,6,38,26,0.8421052631578947,0.15789473684210525
115,vanilla bean i,21,4,25,17,0.84,0.16
269,vanilla bean ice,63,12,75,51,0.84,0.16
201,vanilla bean ic,21,4,25,17,0.84,0.16
430,root,294,56,350,238,0.84,0.16
319,graham cracker,282,54,336,228,0.8392857142857143,0.16071428571428573
83,blueberry lemonade,248,48,296,200,0.8378378378378378,0.16216216216216217
277,anana cream,77,15,92,62,0.8369565217391305,0.16304347826086957
185,banana cream,924,180,1104,744,0.8369565217391305,0.16304347826086957
58,jackfruit,5,1,6,4,0.8333333333333334,0.16666666666666666
326,ginger ale,5,1,6,4,0.8333333333333334,0.16666666666666666
234,raspberry h,5,1,6,4,0.8333333333333334,0.16666666666666666
49,waffle cap,192,39,231,153,0.8311688311688312,0.16883116883116883
351,sweet cream,423,90,513,333,0.8245614035087719,0.17543859649122806
307,dr pepper,9,2,11,7,0.8181818181818182,0.18181818181818182
362,caramel apple,18,4,22,14,0.8181818181818182,0.18181818181818182
241,blueberry,4120,960,5080,3160,0.8110236220472441,0.1889763779527559
231,strawberry v,25,6,31,19,0.8064516129032258,0.1935483870967742
278,hazelnut,455,112,567,343,0.8024691358024691,0.19753086419753085
191,passionfruit,8,2,10,6,0.8,0.2
47,fa cheesecake,4,1,5,3,0.8,0.2
246,cake batter,20,5,25,15,0.8,0.2
242,pie crust,12,3,15,9,0.8,0.2
287,red velvet cake,12,3,15,9,0.8,0.2
257,shenanigan,12,3,15,9,0.8,0.2
421,blueberry ice,4,1,5,3,0.8,0.2
204,la banana cream,4,1,5,3,0.8,0.2
175,mandarin,8,2,10,6,0.8,0.2
271,chocolate,861,216,1077,645,0.7994428969359332,0.20055710306406685
146,caramel c,55,14,69,41,0.7971014492753623,0.2028985507246377
56,cappuccino,68,18,86,50,0.7906976744186046,0.20930232558139536
77,waffle,2382,648,3030,1734,0.7861386138613862,0.21386138613861386
447,tobacco blend,11,3,14,8,0.7857142857142857,0.21428571428571427
390,e strawberry,267,73,340,194,0.7852941176470588,0.21470588235294116
171,dragonfruit,306,84,390,222,0.7846153846153846,0.2153846153846154
75,strawberry ripe,90,25,115,65,0.782608695652174,0.21739130434782608
147,banana cr,86,24,110,62,0.7818181818181819,0.21818181818181817
395,black cherry,35,10,45,25,0.7777777777777778,0.2222222222222222
32,rice krispy treat,7,2,9,5,0.7777777777777778,0.2222222222222222
73,cream,3508,1014,4522,2494,0.7757629367536488,0.22423706324635118
448,d cookie,10,3,13,7,0.7692307692307693,0.23076923076923078
392,strawberry b,75,23,98,52,0.7653061224489796,0.23469387755102042
329,leaf,958,294,1252,664,0.7651757188498403,0.23482428115015974
405,jungle juice,13,4,17,9,0.7647058823529411,0.23529411764705882
21,cola,1119,351,1470,768,0.7612244897959184,0.23877551020408164
137,tart sour,3,1,4,2,0.75,0.25
340,cap sugar cookie,6,2,8,4,0.75,0.25
59,e cardamom,6,2,8,4,0.75,0.25
459,cherry limeade,3,1,4,2,0.75,0.25
16,yogurt v,6,2,8,4,0.75,0.25
155,orange cream,42,14,56,28,0.75,0.25
281,blue raspberry fl,6,2,8,4,0.75,0.25
161,chestnut,3,1,4,2,0.75,0.25
348,dutch apple pie,3,1,4,2,0.75,0.25
409,fa bavarian cream,3,1,4,2,0.75,0.25
5,menthol,2433,864,3297,1569,0.737943585077343,0.26205641492265697
415,apricot,42,15,57,27,0.7368421052631579,0.2631578947368421
226,turkish,19,7,26,12,0.7307692307692307,0.2692307692307692
239,caramel v,32,12,44,20,0.7272727272727273,0.2727272727272727
84,cherry blossom,16,6,22,10,0.7272727272727273,0.2727272727272727
446,custard,641,241,882,400,0.7267573696145124,0.2732426303854875
337,cookie,125,48,173,77,0.7225433526011561,0.2774566473988439
189,chocolate g,13,5,18,8,0.7222222222222222,0.2777777777777778
358,banana foster,2754,1062,3816,1692,0.7216981132075472,0.2783018867924528
370,banana fo,460,179,639,281,0.7198748043818466,0.28012519561815336
156,raspberry,6624,2592,9216,4032,0.71875,0.28125
85,strawberry kiwi,46,18,64,28,0.71875,0.28125
208,blue raspberry,621,243,864,378,0.71875,0.28125
221,biscotti,5,2,7,3,0.7142857142857143,0.2857142857142857
245,creme de menthe,10,4,14,6,0.7142857142857143,0.2857142857142857
76,after dark,10,4,14,6,0.7142857142857143,0.2857142857142857
66,french vanilla,84,35,119,49,0.7058823529411765,0.29411764705882354
452,guava,43,18,61,25,0.7049180327868853,0.29508196721311475
410,lemon,1198,506,1704,692,0.7030516431924883,0.29694835680751175
53,vanilla custard v,7,3,10,4,0.7,0.3
154,rice krispy,14,6,20,8,0.7,0.3
416,strawberry milk,149,65,214,84,0.6962616822429907,0.3037383177570093
272,vanilla c,338,154,492,184,0.6869918699186992,0.3130081300813008
157,vanilla custard,1666,765,2431,901,0.6853146853146853,0.3146853146853147
352,tobacco,4449,2070,6519,2379,0.6824666359871145,0.3175333640128854
427,e custard,61,29,90,32,0.6777777777777778,0.32222222222222224
429,cherry,127,61,188,66,0.675531914893617,0.324468085106383
55,apple pie,174,84,258,90,0.6744186046511628,0.32558139534883723
428,lemonade,196,97,293,99,0.6689419795221843,0.3310580204778157
237,coffee,1174,584,1758,590,0.6678043230944255,0.3321956769055745
359,coconut cream,12,6,18,6,0.6666666666666666,0.3333333333333333
102,freckled lemonade,4,2,6,2,0.6666666666666666,0.3333333333333333
444,la caramel,8,4,12,4,0.6666666666666666,0.3333333333333333
331,c custard,2,1,3,1,0.6666666666666666,0.3333333333333333
40,zen garden,22,11,33,11,0.6666666666666666,0.3333333333333333
177,peanut butter chocolate,8,4,12,4,0.6666666666666666,0.3333333333333333
369,acetyl pyrazine,24,12,36,12,0.6666666666666666,0.3333333333333333
356,a raspberry,10,5,15,5,0.6666666666666666,0.3333333333333333
120,salted caramel,10,5,15,5,0.6666666666666666,0.3333333333333333
10,liquid barn,6,3,9,3,0.6666666666666666,0.3333333333333333
0,cap vanilla custard v,8,4,12,4,0.6666666666666666,0.3333333333333333
385,strawberry cheese cake,2,1,3,1,0.6666666666666666,0.3333333333333333
96,hard candy,4,2,6,2,0.6666666666666666,0.3333333333333333
26,strawberrybanana,2,1,3,1,0.6666666666666666,0.3333333333333333
454,horchata cap,2,1,3,1,0.6666666666666666,0.3333333333333333
365,dunhill,2,1,3,1,0.6666666666666666,0.3333333333333333
254,vanilla bean ice cream t,2,1,3,1,0.6666666666666666,0.3333333333333333
203,sweetener sucralose,6,3,9,3,0.6666666666666666,0.3333333333333333
122,grapefruit,29,15,44,14,0.6590909090909091,0.3409090909090909
398,room temp,71,37,108,34,0.6574074074074074,0.3425925925925926
364,cara,276,144,420,132,0.6571428571428571,0.34285714285714286
284,roope,15,8,23,7,0.6521739130434783,0.34782608695652173
166,vanilla,1467,798,2265,669,0.6476821192052981,0.352317880794702
45,citric acid,11,6,17,5,0.6470588235294118,0.35294117647058826
343,cranberry,22,12,34,10,0.6470588235294118,0.35294117647058826
413,key l,156,86,242,70,0.6446280991735537,0.35537190082644626
268,banana,5028,2808,7836,2220,0.6416539050535988,0.35834609494640124
386,tobacco flavour,16,9,25,7,0.64,0.36
213,tfa,540,308,848,232,0.6367924528301887,0.3632075471698113
215,pg m,54,31,85,23,0.6352941176470588,0.36470588235294116
35,koolad,45,27,72,18,0.625,0.375
117,key lime,174,105,279,69,0.6236559139784946,0.3763440860215054
290,bacon,190,115,305,75,0.6229508196721312,0.3770491803278688
304,apple,3156,1928,5084,1228,0.6207710464201416,0.37922895357985836
382,key lime pie,44,27,71,17,0.6197183098591549,0.38028169014084506
134,spearmint,84,52,136,32,0.6176470588235294,0.38235294117647056
313,mg nicotine,131,82,213,49,0.6150234741784038,0.38497652582159625
460,c r,522,328,850,194,0.6141176470588235,0.38588235294117645
282,clove,54,34,88,20,0.6136363636363636,0.38636363636363635
38,koolada,84,54,138,30,0.6086956521739131,0.391304347826087
28,venom,51,33,84,18,0.6071428571428571,0.39285714285714285
94,reven,398,261,659,137,0.6039453717754173,0.3960546282245827
107,tfa strawberry ripe,3,2,5,1,0.6,0.4
335,wintergreen,48,32,80,16,0.6,0.4
328,ripe a,3,2,5,1,0.6,0.4
357,rhubarb,6,4,10,2,0.6,0.4
256,e yogurt,9,6,15,3,0.6,0.4
378,raspberry one,3,2,5,1,0.6,0.4
311,beer,300,201,501,99,0.5988023952095808,0.40119760479041916
355,rex,50,35,85,15,0.5882352941176471,0.4117647058823529
140,peanut butter,2775,1975,4750,800,0.5842105263157895,0.41578947368421054
423,peanut but,111,79,190,32,0.5842105263157895,0.41578947368421054
418,e sucralose,14,10,24,4,0.5833333333333334,0.4166666666666667
305,y ac,2080,1492,3572,588,0.5823068309070548,0.4176931690929451
121,peanut butter cup,160,120,280,40,0.5714285714285714,0.42857142857142855
442,amaretto,32,24,56,8,0.5714285714285714,0.42857142857142855
149,tiramisu,105,80,185,25,0.5675675675675675,0.43243243243243246
327,rew,2879,2214,5093,665,0.5652856862360102,0.4347143137639898
109,smooth,1084,834,1918,250,0.5651720542231491,0.4348279457768509
424,peanut,126,99,225,27,0.56,0.44
69,mocha,24,19,43,5,0.5581395348837209,0.4418604651162791
51,boom,103,82,185,21,0.5567567567567567,0.44324324324324327
417,peach,633,504,1137,129,0.5567282321899736,0.44327176781002636
291,cloud,2144,1729,3873,415,0.5535760392460625,0.44642396075393753
292,vanilla cupcake,88,72,160,16,0.55,0.45
138,blood orange,44,36,80,8,0.55,0.45
206,a watermelon,6,5,11,1,0.5454545454545454,0.45454545454545453
165,blackberry,19,16,35,3,0.5428571428571428,0.45714285714285713
391,blackber,19,16,35,3,0.5428571428571428,0.45714285714285713
253,capel,40,34,74,6,0.5405405405405406,0.4594594594594595
228,capella,400,340,740,60,0.5405405405405406,0.4594594594594595
299,pear,2280,1965,4245,315,0.5371024734982333,0.4628975265017668
314,butter,1252,1080,2332,172,0.5368782161234992,0.4631217838765009
43,bubblegum,48,42,90,6,0.5333333333333333,0.4666666666666667
60,pecan,148,130,278,18,0.5323741007194245,0.4676258992805755
63,e lemonade,17,15,32,2,0.53125,0.46875
285,skittle,19,17,36,2,0.5277777777777778,0.4722222222222222
168,pale,30,27,57,3,0.5263157894736842,0.47368421052631576
36,e vanilla b,10,9,19,1,0.5263157894736842,0.47368421052631576
380,oko,96,87,183,9,0.5245901639344263,0.47540983606557374
404,strawberry ca,11,10,21,1,0.5238095238095238,0.47619047619047616
339,bf,300,274,574,26,0.5226480836236934,0.47735191637630664
456,green apple,116,108,224,8,0.5178571428571429,0.48214285714285715
295,thug juice,31,29,60,2,0.5166666666666667,0.48333333333333334
193,ginger,39,37,76,2,0.5131578947368421,0.4868421052631579
86,starburst,22,21,43,1,0.5116279069767442,0.4883720930232558
173,honeysuckle,72,69,141,3,0.5106382978723404,0.48936170212765956
194,zzzz,12,12,24,0,0.5,0.5
158,peanut butter e,2,2,4,0,0.5,0.5
220,strawberry cupcake,1,1,2,0,0.5,0.5
112,coconut rum,1,1,2,0,0.5,0.5
396,fw yellow cake,2,2,4,0,0.5,0.5
403,rice krispies,2,2,4,0,0.5,0.5
74,jamaican rum,1,1,2,0,0.5,0.5
445,lkj,2,2,4,0,0.5,0.5
283,tobacco ab,1,1,2,0,0.5,0.5
145,reunite,1,1,2,0,0.5,0.5
354,pink champagne,1,1,2,0,0.5,0.5
91,root beer o,1,1,2,0,0.5,0.5
353,fa almond,1,1,2,0,0.5,0.5
407,capella cool mint,2,2,4,0,0.5,0.5
251,blue raspberry slush,1,1,2,0,0.5,0.5
211,raspberry apple,1,1,2,0,0.5,0.5
105,em sweetener,1,1,2,0,0.5,0.5
401,em sweete,1,1,2,0,0.5,0.5
453,kiwi double,1,1,2,0,0.5,0.5
126,american red,1,1,2,0,0.5,0.5
389,vanillin,1,1,2,0,0.5,0.5
198,molasses,3,3,6,0,0.5,0.5
376,la peach,2,2,4,0,0.5,0.5
333,greek yogurt,6,6,12,0,0.5,0.5
325,gummi bear,1,1,2,0,0.5,0.5
176,creamy coconut,4,4,8,0,0.5,0.5
170,licorice,10,10,20,0,0.5,0.5
223,pomegranate,25,25,50,0,0.5,0.5
383,frontier,7,7,14,0,0.5,0.5
1,rootbeer,5,5,10,0,0.5,0.5
341,banana coconut,6,6,12,0,0.5,0.5
219,coconut g,1,1,2,0,0.5,0.5
388,zooch,4,4,8,0,0.5,0.5
78,graham cracker clear,5,5,10,0,0.5,0.5
309,cap sweet strawberry,8,8,16,0,0.5,0.5
414,wild cherry,4,4,8,0,0.5,0.5
275,yun,13,13,26,0,0.5,0.5
321,pomegrana,25,25,50,0,0.5,0.5
50,gummy candy,6,6,12,0,0.5,0.5
310,eggnog,6,6,12,0,0.5,0.5
458,coconut cream pie,4,4,8,0,0.5,0.5
52,peanut butter v,12,12,24,0,0.5,0.5
298,almond,192,200,392,-8,0.4897959183673469,0.5102040816326531
57,meringue,92,96,188,-4,0.48936170212765956,0.5106382978723404
350,super s,184,192,376,-8,0.48936170212765956,0.5106382978723404
435,titty,16,17,33,-1,0.48484848484848486,0.5151515151515151
381,super sweet,24,26,50,-2,0.48,0.52
436,coca,24,26,50,-2,0.48,0.52
12,pineapp,111,123,234,-12,0.47435897435897434,0.5256410256410257
406,pineapple,333,369,702,-36,0.47435897435897434,0.5256410256410257
247,honeydew,129,144,273,-15,0.4725274725274725,0.5274725274725275
214,bse,132,148,280,-16,0.4714285714285714,0.5285714285714286
294,orange,848,952,1800,-104,0.4711111111111111,0.5288888888888889
44,grape,129,145,274,-16,0.4708029197080292,0.5291970802919708
188,yogurt,1836,2074,3910,-238,0.46956521739130436,0.5304347826086957
368,coconut,3182,3612,6794,-430,0.46835443037974683,0.5316455696202531
312,tangerine,14,16,30,-2,0.4666666666666667,0.5333333333333333
332,lemon meringue pie,19,22,41,-3,0.4634146341463415,0.5365853658536586
238,yog,183,213,396,-30,0.4621212121212121,0.5378787878787878
320,butterscotch,222,264,486,-42,0.4567901234567901,0.5432098765432098
293,banana g,10,12,22,-2,0.45454545454545453,0.5454545454545454
264,rhm,5,6,11,-1,0.45454545454545453,0.5454545454545454
11,coconut fl,5,6,11,-1,0.45454545454545453,0.5454545454545454
37,huckleberry,8,10,18,-2,0.4444444444444444,0.5555555555555556
64,bubble,164,208,372,-44,0.44086021505376344,0.5591397849462365
273,horchata,89,116,205,-27,0.43414634146341463,0.5658536585365853
42,brandy,3,4,7,-1,0.42857142857142855,0.5714285714285714
426,blackcurrant,3,4,7,-1,0.42857142857142855,0.5714285714285714
346,peppermint,27,36,63,-9,0.42857142857142855,0.5714285714285714
187,banana nut bread,24,32,56,-8,0.42857142857142855,0.5714285714285714
27,mola,6,8,14,-2,0.42857142857142855,0.5714285714285714
422,apple ca,3,4,7,-1,0.42857142857142855,0.5714285714285714
22,cpa,115,155,270,-40,0.42592592592592593,0.5740740740740741
123,cotton candy,36,49,85,-13,0.4235294117647059,0.5764705882352941
216,pumpkin,22,30,52,-8,0.4230769230769231,0.5769230769230769
441,any one,11,15,26,-4,0.4230769230769231,0.5769230769230769
451,lychee,24,33,57,-9,0.42105263157894735,0.5789473684210527
303,absinthe,20,28,48,-8,0.4166666666666667,0.5833333333333334
265,yg,179,253,432,-74,0.41435185185185186,0.5856481481481481
280,fw,203,288,491,-85,0.4134419551934827,0.5865580448065173
322,ananas,14,20,34,-6,0.4117647058823529,0.5882352941176471
408,n nut,11,16,27,-5,0.4074074074074074,0.5925925925925926
449,cooling agent,2,3,5,-1,0.4,0.6
235,wale,2,3,5,-1,0.4,0.6
276,tfa sweetener,2,3,5,-1,0.4,0.6
98,blue raspberry ca,2,3,5,-1,0.4,0.6
224,fa meringue,2,3,5,-1,0.4,0.6
13,vanilla butter,4,6,10,-2,0.4,0.6
431,menthol blend,2,3,5,-1,0.4,0.6
30,cantaloupe,10,15,25,-5,0.4,0.6
243,cap vanilla custard,4,6,10,-2,0.4,0.6
377,coconut milk,2,3,5,-1,0.4,0.6
308,yellow color,2,3,5,-1,0.4,0.6
92,pom,49,78,127,-29,0.3858267716535433,0.6141732283464567
371,papaya,10,16,26,-6,0.38461538461538464,0.6153846153846154
129,d yogurt,3,5,8,-2,0.375,0.625
125,lemon lime,6,10,16,-4,0.375,0.625
462,banana split,120,210,330,-90,0.36363636363636365,0.6363636363636364
232,peanutbutter,12,21,33,-9,0.36363636363636365,0.6363636363636364
72,ethyl maltol,48,84,132,-36,0.36363636363636365,0.6363636363636364
136,fruity,621,1098,1719,-477,0.3612565445026178,0.6387434554973822
262,sweetener,215,405,620,-190,0.3467741935483871,0.6532258064516129
106,yoghurt,7,14,21,-7,0.3333333333333333,0.6666666666666666
68,yellow e,1,2,3,-1,0.3333333333333333,0.6666666666666666
181,super sour,1,2,3,-1,0.3333333333333333,0.6666666666666666
367,la watermelon,1,2,3,-1,0.3333333333333333,0.6666666666666666
182,sweet grape,1,2,3,-1,0.3333333333333333,0.6666666666666666
118,blackberry lemonade,1,2,3,-1,0.3333333333333333,0.6666666666666666
363,condensed milk,3,6,9,-3,0.3333333333333333,0.6666666666666666
8,raspberry v,1,2,3,-1,0.3333333333333333,0.6666666666666666
190,tfa caramel,2,4,6,-2,0.3333333333333333,0.6666666666666666
141,yuko,2,4,6,-2,0.3333333333333333,0.6666666666666666
301,caramel macchiato,2,4,6,-2,0.3333333333333333,0.6666666666666666
6,d wine,3,6,9,-3,0.3333333333333333,0.6666666666666666
142,malted milk,1,2,3,-1,0.3333333333333333,0.6666666666666666
229,nectarine,2,4,6,-2,0.3333333333333333,0.6666666666666666
244,sour apple,9,19,28,-10,0.32142857142857145,0.6785714285714286
261,mango,500,1112,1612,-612,0.31017369727047145,0.6898263027295285
342,watermelon,2338,5320,7658,-2982,0.3053016453382084,0.6946983546617916
200,strawberry candy,6,14,20,-8,0.3,0.7
29,peanut butter jelly,6,14,20,-8,0.3,0.7
116,toasted almond,6,15,21,-9,0.2857142857142857,0.7142857142857143
347,caramel ca,2,5,7,-3,0.2857142857142857,0.7142857142857143
457,maple syrup,8,20,28,-12,0.2857142857142857,0.7142857142857143
379,pumpkin spice,9,24,33,-15,0.2727272727272727,0.7272727272727273
236,fa caramel,2,6,8,-4,0.25,0.75
19,coconut candy,5,15,20,-10,0.25,0.75
54,gingerbread,6,18,24,-12,0.25,0.75
25,tropical punch,3,9,12,-6,0.25,0.75
397,afternoon delight,4,12,16,-8,0.25,0.75
24,zombie killer,4,12,16,-8,0.25,0.75
79,apple candy,1,3,4,-2,0.25,0.75
87,white chocolate,18,60,78,-42,0.23076923076923078,0.7692307692307693
143,white chocola,3,10,13,-7,0.23076923076923078,0.7692307692307693
318,candy watermelon,18,72,90,-54,0.2,0.8
286,caramel cap,2,8,10,-6,0.2,0.8
336,zebra stripe gum,11,44,55,-33,0.2,0.8
110,vanilla bourbon,1,4,5,-3,0.2,0.8
80,fuji apple,2,8,10,-6,0.2,0.8
127,blueraspberry,1,4,5,-3,0.2,0.8
349,zebra stripe,1,4,5,-3,0.2,0.8
89,melon mint,1,5,6,-4,0.16666666666666666,0.8333333333333334
48,kentucky bourbon,1,5,6,-4,0.16666666666666666,0.8333333333333334
135,papa smurf,2,10,12,-8,0.16666666666666666,0.8333333333333334
23,zebra,12,318,330,-306,0.03636363636363636,0.9636363636363636
192,banana gone nut,0,4,4,-4,0.0,1.0
169,yumberry,0,13,13,-13,0.0,1.0
82,ccls,0,6,6,-6,0.0,1.0
338,cap super sweet,0,3,3,-3,0.0,1.0
61,capella ca,0,3,3,-3,0.0,1.0
95,inw biscuit,0,4,4,-4,0.0,1.0
267,yougurt,0,22,22,-22,0.0,1.0
372,boysenberry,0,6,6,-6,0.0,1.0
2,vanilla bean gelato,0,4,4,-4,0.0,1.0
240,caramel candy,0,32,32,-32,0.0,1.0
31,caramel mocha,0,4,4,-4,0.0,1.0
103,raspberry w,0,3,3,-3,0.0,1.0
108,capella blueberry,0,2,2,-2,0.0,1.0
119,ygt,0,6,6,-6,0.0,1.0
41,holiday spice,0,2,2,-2,0.0,1.0
164,white out,0,8,8,-8,0.0,1.0
425,tfa sour,0,2,2,-2,0.0,1.0
252,fruity flake,0,2,2,-2,0.0,1.0
434,candy corn,0,2,2,-2,0.0,1.0
81,yellow cupcake,0,2,2,-2,0.0,1.0
419,beer hang,0,2,2,-2,0.0,1.0
209,tfa caramel candy,0,2,2,-2,0.0,1.0
101,coconut diy,0,2,2,-2,0.0,1.0
46,fa orange,0,2,2,-2,0.0,1.0
323,vanilla raspberry,0,2,2,-2,0.0,1.0
393,butter toffee,0,1,1,-1,0.0,1.0
196,sour raspberry,0,2,2,-2,0.0,1.0
233,apple sour,0,8,8,-8,0.0,1.0
199,acai berry,0,6,6,-6,0.0,1.0
